ATSC1c,ATSC4c,ATSC7c,ATSC2v,ATSC1se,ATSC1pe,ATSC1are,ATSC1p,AATSC7dv,AATSC2Z,AATSC3Z,AATSC6Z,AATSC2v,SM1_Dzv,SM1_Dzp,MINssCH2,MINsssCH,MINdssC,ETA_dBeta,FilterItLogS
-0.974278631,-0.671829801,-1.27145842,-1707.097167,-0.671251896,-0.673358953,-1.232276701,-6.774459057,-0.051091834,-0.207007957,-0.084586071,0.394531728,-6.515638041,-3.353701578,-8.636591029,-0.466045465,-1.03609206,-0.456827633,-24,-13.4041394
-0.976884304,-0.697746406,-1.332389939,-1436.655399,-0.700915643,-0.71581287,-1.277339639,-6.761838506,-0.145937729,-0.160288399,-0.251647345,0.325718311,-6.036367222,-3.353701578,-8.636591029,-0.493918589,-1.0702575,-0.509239543,-20,-10.53846983
-0.718477896,-0.430807686,-0.01965507,-3785.272381,0.172644475,0.465112158,0.434357943,-2.126374124,0.114253006,-0.96653859,0.229919681,0.219159596,-11.26569161,-2.393966868,-6.493765586,-0.083194567,-0.784781402,-0.324204893,-26.75,-18.3008257
-0.975855631,-0.669202783,-1.300201004,-1639.276545,-0.678331634,-0.68347946,-1.243024011,-6.771357631,-0.075088024,-0.194961073,-0.127447704,0.374554,-6.403424005,-3.353701578,-8.636591029,-0.472039862,-1.043175075,-0.467304098,-23,-12.68772922
-1.528408729,-0.893768418,-0.551851452,-2518.511809,-1.156938848,-1.587328595,-2.168477644,-4.584615491,0.192483619,-0.445696367,0.170423983,0.735336282,-10.4937992,-4.151690534,-10.80117956,-0.778271188,-1.542609187,-1.423231572,-18.25,-7.492229224
-1.010177089,-0.754026373,0.042540749,-2528.211849,-0.920118634,-1.26136116,-1.814421947,-4.942498375,0.32007965,-0.653268302,0.302019796,0.542454595,-10.57829226,-2.954707099,-7.554296765,-0.325335612,-0.850272806,-0.407292145,-20.5,-10.36213553
-0.717768635,-0.43269428,-0.020255175,-3811.595885,0.177155556,0.474174018,0.443481758,-2.170822509,0.171305537,-0.95064911,0.23185814,0.249941277,-11.14501721,-2.393966868,-6.493765586,-0.06736783,-0.768393275,-0.30990692,-28.75,-19.68874407
-1.613137784,-1.060564632,-0.210852044,-2727.143595,-1.575942167,-2.147554667,-2.776485333,-3.383674112,0.360615566,-0.437698413,0.655583264,0.576370566,-9.739798553,-5.02934934,-13.52988053,-0.745570544,-2.042435372,-0.618675612,-27.25,-8.124531295
-0.416942448,-0.27999412,0.011403613,-2894.051286,-0.14906268,-0.275482909,-0.273373912,-0.08422633,-0.025975548,-1.15532151,0.160378613,-0.099794036,-11.3939027,-1.516308062,-3.765064611,-0.189821674,-0.651505454,-0.026603471,-22.25,-14.20422702
-0.974796438,-0.668684845,-1.274642348,-1404.593105,-0.697679512,-0.702983533,-1.266246128,-6.770389218,-0.163452462,-0.108543721,-0.166358542,0.340513992,-5.901651703,-3.353701578,-8.636591029,-0.472828251,-1.042849661,-0.464983646,-21.5,-11.53972301
-0.717641961,-0.432138807,-0.018387448,-3599.626057,0.171161531,0.466453107,0.434682259,-2.154424407,0.158301854,-0.933797642,0.241269495,0.245543185,-11.10995697,-2.393966868,-6.493765586,-0.075137286,-0.774353272,-0.315381361,-26.75,-18.21148843
-0.353209808,0.008892053,1.77E-07,-995.5502961,-0.09154162,-0.18250062,-0.175702479,-0.17709076,-0.013059892,-0.97732312,-0.112425192,0.026446281,-12.14085727,-0.797988956,-2.164588529,0.344263642,0,-0.656551714,-6.5,-4.505855137
-0.353083134,0.009447419,0.001799707,-1235.861769,-0.086336444,-0.179828944,-0.171207133,-0.146018577,-0.041426612,-1.077105624,-0.087236961,-0.005559165,-12.35861769,-0.797988956,-2.164588529,0.331506779,0,-0.664233856,-7.5,-5.394255469
-0.869729306,-0.563373642,-0.091187706,-1465.014459,-1.153432311,-1.644301554,-2.208383961,-4.089543993,0.168062935,-0.509696154,0.296460336,-0.082486092,-10.03434561,-2.555712621,-6.472002501,-0.342115194,-1.006796765,0,-15,-5.686227424
-1.610311961,-1.063298695,-0.224979828,-2273.241297,-1.659875705,-2.218124242,-2.866915152,-3.416771196,0.375986069,-0.285709826,0.745458097,0.660701939,-9.092965189,-5.02934934,-13.52988053,-0.731843228,-2.033383858,-0.597966629,-26.25,-7.224297962
-0.416942448,-0.27999412,0.011403613,-2292.116285,-0.164581459,-0.291557673,-0.293936457,-0.090257573,-0.040848131,-1.099791647,0.19194527,-0.133082542,-11.12677808,-1.516308062,-3.765064611,-0.190520844,-0.649719426,-0.030984685,-18.25,-11.11494168
-0.424589271,-0.286083987,0.010824065,-2234.960239,-0.168716803,-0.298503819,-0.301458041,-0.063985478,-0.041564371,-1.104290249,0.240616155,-0.087933019,-11.17480119,-1.516308062,-3.765064611,-0.241770844,-0.830274981,-0.064873574,-17.25,-10.39775938
-0.812380961,-0.535541889,-0.969480339,-1554.179963,-0.650167427,-0.647120558,-1.202999051,-6.779090345,-0.052444752,-0.262257723,-0.099160207,0.485290862,-6.292226569,-2.954707099,-7.554296765,-0.331273159,-0.837926204,-0.354233443,-23.75,-13.06694216
-0.835790878,-0.462739951,-1.613409448,-207.9045177,-0.985160201,-1.142912061,-1.727720016,-5.908912288,-0.924143472,0.50255126,-0.671657769,-0.95035845,-1.563191862,-2.954707099,-7.554296765,-0.503507909,-1.21634897,-0.392131748,-14.5,-5.750267821
-0.812254437,-0.535055327,-0.969178844,-1484.71386,-0.657399069,-0.657502573,-1.214008296,-6.775759638,-0.114165806,-0.24991118,-0.126481742,0.447387127,-6.160638425,-2.954707099,-7.554296765,-0.337703961,-0.845530658,-0.365406282,-22.75,-12.35035893
-0.975855631,-0.669202783,-1.300201004,-1795.086981,-0.666815659,-0.671877599,-1.229207712,-6.77193759,-0.051117204,-0.246440383,-0.106602079,0.381724725,-6.698085749,-3.353701578,-8.636591029,-0.47182292,-1.043718416,-0.466456079,-24,-13.45189401
-0.354045729,0.010301292,-9.10E-05,-1173.493563,-0.089073254,-0.183089793,-0.175207101,-0.117527199,-0.161290323,-1.074468085,-0.1,-0.019417476,-12.48397408,-0.797988956,-2.164588529,0.323902325,0,-0.670664658,-6.5,-4.675345444
-0.772225178,-0.496708342,-0.92288344,-2137.064353,-0.612017778,-0.61004306,-1.158286984,-6.780096403,-0.0920514,-0.455448035,-0.079894021,0.389137896,-7.244285944,-2.954707099,-7.554296765,-0.301355529,-0.794259031,-0.333285106,-27.75,-16.12689577
-0.974921022,-0.669330828,-1.273943038,-1784.68327,-0.665606314,-0.667738273,-1.225553825,-6.774689291,-0.037880481,-0.232635862,-0.088644369,0.408686524,-6.659265932,-3.353701578,-8.636591029,-0.466878789,-1.037509336,-0.458501766,-24.5,-13.78630202
-1.171589772,-0.86027647,-0.1567767,-2573.138417,-0.945565012,-1.281775278,-1.841099706,-4.948876422,0.334361672,-0.509840725,0.332752627,0.479348137,-10.37555813,-3.353701578,-8.636591029,-0.436905828,-1.018089558,-0.462783452,-21.75,-11.3171414
-0.722655351,-0.454600904,-0.069400074,-3703.87167,0.165430264,0.451629793,0.420550531,-2.066133568,0.157799525,-0.986177778,0.215853898,0.243192506,-11.43170268,-2.393966868,-6.493765586,-0.114875068,-0.819006744,-0.372926393,-23.75,-16.19641897
-1.169692581,-0.861339056,-0.130434203,-2697.936561,-0.929538946,-1.258937125,-1.816959833,-4.958292863,0.368516547,-0.517729726,0.35080419,0.501981466,-10.37667908,-3.353701578,-8.636591029,-0.42500981,-1.003835913,-0.441838813,-23.75,-12.75002439
-0.720792223,-0.456657839,-0.076861058,-3513.997816,0.16358021,0.452346474,0.42021729,-2.091411693,0.126821553,-0.9515236,0.232671803,0.267289984,-11.26281351,-2.393966868,-6.493765586,-0.107832879,-0.802802867,-0.337297824,-23.75,-16.1080438
-0.717768635,-0.432692356,-0.020455957,-3431.650279,0.168508889,0.465256241,0.432496571,-2.169153845,0.176816571,-0.907381028,0.250514018,0.26597204,-10.9988791,-2.393966868,-6.493765586,-0.069058467,-0.765863964,-0.306191085,-26.25,-17.78461709
-1.291513792,-0.989949028,-0.420217309,-2530.604997,-1.11681513,-1.491479597,-2.063026469,-4.744635364,0.296235401,-0.50815572,0.32635645,0.515782137,-10.24536436,-3.832365905,-10.28299774,-0.649556066,-1.35039129,-0.505626448,-23,-10.47701545
-1.29176714,-0.991059982,-0.423985303,-2346.433178,-1.135609539,-1.500961999,-2.078154448,-4.759203432,0.362778884,-0.431121173,0.364644866,0.596283169,-9.984822033,-3.832365905,-10.28299774,-0.644208792,-1.343443878,-0.492029406,-23,-10.37835038
-0.810795445,-0.484533393,-1.079576744,-1585.848784,-0.839644143,-1.093518917,-1.631567754,-5.520482771,-0.217362849,-0.257673926,-0.129669212,0.195161922,-6.368870618,-2.87503725,-6.990184319,-0.324456511,-0.875170909,-0.163923116,-24,-13.04098509
-0.720467934,-0.429477014,-0.006110249,-3573.169516,0.166428332,0.456933588,0.425102763,-2.107977446,0.153283761,-0.950897219,0.235089541,0.223460251,-11.23638213,-2.393966868,-6.493765586,-0.09207507,-0.789220875,-0.325866884,-24.75,-16.82419151
-0.818230233,-0.496248442,-1.031096658,-1762.585386,-0.832900312,-1.09320967,-1.628196015,-5.512023527,-0.153705061,-0.335673746,-0.104520644,0.272019001,-6.753200714,-2.87503725,-6.990184319,-0.379881231,-1.061764399,-0.202923755,-24,-13.14085298
-0.818230233,-0.496248754,-1.031612674,-2068.423231,-0.815545042,-1.07548292,-1.60670722,-5.513045091,-0.11781615,-0.421551424,-0.0775217,0.281367052,-7.25762537,-2.87503725,-6.990184319,-0.377776931,-1.06069129,-0.197786011,-26,-14.67004084
-0.717641961,-0.432138807,-0.018387448,-3903.927012,0.177747111,0.473349947,0.443129331,-2.156703148,0.156039193,-0.965936421,0.227628952,0.235065698,-11.21818107,-2.393966868,-6.493765586,-0.074843873,-0.775234916,-0.314090862,-28.75,-19.73299816
-0.261191131,-0.06264649,-0.031319812,-497.9246156,0.088919421,0.28988959,0.245139798,0.608409004,-0.03081975,-0.074475088,-0.346491837,0.50277658,-2.040674654,-0.797988956,-2.164588529,0.530901014,0.077297311,0.002949579,-19.25,-9.78036545
-1.169819242,-0.861813871,-0.130530831,-2301.064417,-0.964393341,-1.289381538,-1.855046889,-4.961758456,0.419891858,-0.394028087,0.387369172,0.565965898,-10.0046279,-3.353701578,-8.636591029,-0.421911623,-0.998130679,-0.439941013,-21.75,-11.16730285
-1.610311811,-1.063229775,-0.223380628,-2498.6089,-1.606069936,-2.161175887,-2.800346099,-3.419088205,0.3913501,-0.34337855,0.728311215,0.654736417,-9.323167536,-5.02934934,-13.52988053,-0.73147576,-2.033954856,-0.596020528,-27.75,-8.369048467
-0.353209808,0.008892053,1.89E-07,-1449.519435,-0.081122456,-0.174931009,-0.164724246,-0.171252233,-0.000986627,-1.115319494,-0.077970252,0.01526188,-12.28406301,-0.797988956,-2.164588529,0.345837181,0,-0.651889459,-9.5,-6.910028996
-1.17251854,-0.858593246,-0.116101366,-2665.7386,-0.940028061,-1.279537317,-1.836997128,-4.945161177,0.361877964,-0.544986015,0.315211862,0.456294484,-10.49503386,-3.353701578,-8.636591029,-0.442069741,-1.024911147,-0.471822835,-21.75,-11.36538276
-1.171880015,-0.886446976,-0.187495934,-2356.101549,-0.969238182,-1.30934064,-1.872130554,-4.94281401,0.39360353,-0.465243826,0.319542217,0.546382689,-10.24391978,-3.353701578,-8.636591029,-0.45110811,-1.035562798,-0.497520361,-19.75,-9.835043448
-0.71860457,-0.431365249,-0.021501602,-3692.154098,0.171920228,0.465767216,0.434516355,-2.140062171,0.131642452,-0.950402721,0.235711197,0.236362312,-11.18834575,-2.393966868,-6.493765586,-0.076508719,-0.776439832,-0.316225191,-26.75,-18.25647542
-0.835790878,-0.46273995,-1.613403811,-522.9408384,-0.920852455,-1.080957541,-1.652734069,-5.909754188,-0.65515371,0.230883167,-0.463530333,-0.585259109,-3.330833366,-2.954707099,-7.554296765,-0.502804784,-1.217715616,-0.387384335,-16.5,-7.31021309
-0.976784398,-0.667519562,-1.259549664,-1884.10894,-0.662624551,-0.670477721,-1.226307895,-6.769586801,-0.022123738,-0.284246918,-0.115632745,0.357253961,-6.876309999,-3.353701578,-8.636591029,-0.476986833,-1.050540005,-0.475495461,-24,-13.49888906
-1.612166939,-1.050624129,-0.202506229,-2483.636541,-1.642459064,-2.232308571,-2.86932,-3.351965004,0.369526736,-0.420679209,0.605913279,0.631949331,-9.701705236,-5.02934934,-13.52988053,-0.765782305,-2.049828757,-0.673408673,-24.25,-5.931013021
-1.292476387,-0.989095155,-0.422107891,-2469.916841,-1.127947075,-1.506835686,-2.079254178,-4.736551484,0.246797043,-0.507275897,0.307739078,0.492509724,-10.2486176,-3.832365905,-10.28299774,-0.651722911,-1.352775077,-0.51205725,-22,-9.760578691
-0.976720585,-0.672060576,-1.300587236,-1571.52737,-0.685628632,-0.693918306,-1.254106187,-6.768219739,-0.093762712,-0.183083983,-0.162579234,0.351663419,-6.286109481,-3.353701578,-8.636591029,-0.474423649,-1.045810116,-0.470577412,-22,-11.97131425
-1.007989642,-0.728835575,0.102697634,-2562.005427,-0.909085235,-1.239701751,-1.793352361,-4.95625581,0.304319072,-0.6213694,0.339532856,0.51004058,-10.45716501,-2.954707099,-7.554296765,-0.302318672,-0.821030278,-0.359384617,-22.5,-11.74558425
-1.171880015,-0.886446976,-0.187495934,-2665.7386,-0.940028061,-1.279537317,-1.836997128,-4.945161177,0.381723184,-0.544986015,0.315211862,0.527099733,-10.49503386,-3.353701578,-8.636591029,-0.450726166,-1.036576944,-0.495971143,-21.75,-11.36538276
-0.71933199,-0.429485941,0.011127666,-3419.986599,0.162586666,0.452731115,0.420038391,-2.105016158,0.156294382,-0.933379901,0.240921188,0.216310492,-11.17642679,-2.393966868,-6.493765586,-0.094789027,-0.797812561,-0.349735184,-23.75,-16.06290496
-1.610438486,-1.063785257,-0.225281519,-2473.361021,-1.605556264,-2.154108571,-2.79492,-3.432221564,0.424182583,-0.322951569,0.748055744,0.690899062,-9.228959033,-5.02934934,-13.52988053,-0.725195484,-2.030471587,-0.58594577,-28.25,-8.703967758
-0.424535649,-0.287115398,0.011823001,-2480.353015,-0.163268726,-0.295046397,-0.295916892,-0.038923604,-0.040361269,-1.140711399,0.22257869,-0.118641462,-11.37776612,-1.516308062,-3.765064611,-0.246104225,-0.83771993,-0.066376345,-18.25,-11.22845937
-1.291640466,-0.9905045,-0.422084413,-2514.869258,-1.115738515,-1.486109358,-2.058557683,-4.752111041,0.327800361,-0.4906658,0.343049811,0.551036496,-10.18165691,-3.832365905,-10.28299774,-0.646969141,-1.347288189,-0.501256144,-23.5,-10.81090053
-1.007989792,-0.728904495,0.101098434,-2254.552469,-0.936791993,-1.267066217,-1.825974698,-4.954838075,0.304890264,-0.543952237,0.358153412,0.542430336,-10.20159488,-2.954707099,-7.554296765,-0.302786869,-0.8199018,-0.361733656,-20.5,-10.2104131
-1.169692568,-0.861258389,-0.128629941,-2544.494364,-0.942971134,-1.272162875,-1.832757036,-4.957743969,0.377609265,-0.477978951,0.359861774,0.51486351,-10.26005792,-3.353701578,-8.636591029,-0.427874228,-1.006863611,-0.448764813,-22.75,-11.98458651
-1.169692718,-0.861327309,-0.130229141,-2236.639987,-0.973962038,-1.302697345,-1.869221121,-4.95648289,0.381030387,-0.386713509,0.377543641,0.539910629,-9.984999942,-3.353701578,-8.636591029,-0.428342425,-1.005735133,-0.451113853,-20.75,-10.45064663
-0.721890371,-0.482080129,-0.136392403,-3492.521044,0.158779523,0.442661329,0.41048442,-2.044797635,0.135273391,-0.972473393,0.212347162,0.278620144,-11.41346747,-2.393966868,-6.493765586,-0.132184072,-0.833702955,-0.383547793,-21.75,-14.72033035
-0.837851901,-0.4876401,-1.666040528,-546.0614655,-0.923509726,-1.103714163,-1.671064579,-5.891731311,-0.831145443,0.111181798,-0.695837905,-0.822518105,-3.478098506,-2.954707099,-7.554296765,-0.52713008,-1.248366111,-0.444963683,-14.5,-5.994148643
-0.416942448,-0.27999412,0.011403613,-2743.624356,-0.152377549,-0.27891511,-0.277765306,-0.085516674,-0.028822679,-1.14353243,0.167286986,-0.106531097,-11.33729073,-1.516308062,-3.765064611,-0.189935802,-0.651144411,-0.027372885,-21.25,-13.43396631
-1.611274407,-1.062375902,-0.22527121,-2449.275255,-1.623619345,-2.186320863,-2.826883453,-3.40512692,0.342378833,-0.346264852,0.711948701,0.630417564,-9.348378836,-5.02934934,-13.52988053,-0.735651107,-2.036338642,-0.60245133,-26.75,-7.65278369
-0.673206728,-0.347584731,-1.246347147,-544.5657816,-0.873148363,-1.035129134,-1.596831395,-5.908184841,-0.675774682,0.018410501,-0.487006034,-0.364345935,-3.536141439,-2.555712621,-6.472002501,-0.377249228,-1.031882282,0,-16.25,-7.064179652
-0.9740851,-0.670740184,-1.273953256,-1457.197984,-0.687459561,-0.682921843,-1.246619741,-6.779962368,0.012032521,-0.092479537,-0.087964317,0.474636349,-5.972122886,-3.353701578,-8.636591029,-0.456986883,-1.023432028,-0.444533778,-23.5,-12.9228849
-0.722168809,-0.430925453,-0.006493973,-3550.365187,0.16168849,0.447379756,0.415498057,-2.061812387,0.095348271,-0.970593642,0.219299743,0.188689295,-11.3793756,-2.393966868,-6.493765586,-0.10370992,-0.802946499,-0.337890965,-22.75,-15.43643681
-1.169692567,-0.861256454,-0.128789373,-2467.66017,-0.95016626,-1.279249567,-1.841220807,-4.957450523,0.382094717,-0.456732632,0.364373382,0.521270008,-10.19694285,-3.353701578,-8.636591029,-0.427990441,-1.006581986,-0.448992984,-22.25,-11.60149554
-0.976784398,-0.667519562,-1.259549664,-1728.069831,-0.67362618,-0.681685332,-1.239600148,-6.768931202,-0.044453473,-0.235848263,-0.137137741,0.348296416,-6.595686377,-3.353701578,-8.636591029,-0.477203775,-1.049996664,-0.476343481,-23,-12.73554419
-0.77318776,-0.495776237,-0.923504956,-1762.22174,-0.635742122,-0.636143792,-1.188391294,-6.776589048,-0.1761872,-0.365829145,-0.126664285,0.378814132,-6.649893358,-2.954707099,-7.554296765,-0.307522222,-0.800182379,-0.345395074,-24.75,-13.88237745
-0.718731231,-0.431840417,-0.022187117,-3371.007883,0.16556396,0.460587359,0.4275,-2.152491566,0.149166667,-0.906323529,0.2525,0.262208738,-11.01636563,-2.393966868,-6.493765586,-0.073812881,-0.7700992,-0.309031152,-25.25,-17.06834448
-1.29176714,-0.991059982,-0.423985316,-2192.797303,-1.15873788,-1.523370116,-2.104786699,-4.758599035,0.367721777,-0.384676327,0.370325262,0.607938839,-9.833171763,-3.832365905,-10.28299774,-0.644353972,-1.343004468,-0.494019083,-22,-9.611042593
-0.974992143,-0.671080701,-1.273492087,-1395.583729,-0.69656683,-0.698577041,-1.262434184,-6.773432045,-0.081794772,-0.092170201,-0.141671347,0.363881115,-5.863797183,-3.353701578,-8.636591029,-0.464917226,-1.032906482,-0.455536166,-22,-11.87310982
-0.774080926,-0.484366852,-0.910092887,-1646.234558,-0.651649287,-0.664080931,-1.216455794,-6.764922946,-0.173876636,-0.378921639,-0.229409916,0.379946913,-6.506855961,-2.954707099,-7.554296765,-0.33775415,-0.839173146,-0.416755355,-21.75,-11.78139579
-1.154260281,-0.805353726,-0.672211299,-1492.245672,-1.42529307,-1.951242764,-2.545289302,-3.891138228,0.124871248,-0.360580485,0.260820249,-0.197972735,-9.689906958,-3.433371427,-9.200703475,-0.627049888,-1.310491527,-0.427552469,-16.5,-5.155529302
-0.719440478,-0.429875589,-0.020300895,-3419.986599,0.162586666,0.452731115,0.420038391,-2.105016158,0.073409392,-0.933379901,0.240921188,0.216310492,-11.17642679,-2.393966868,-6.493765586,-0.089595476,-0.789732664,-0.329858719,-23.75,-16.06290496
-2.280318809,-1.812960787,-1.189949023,-4700.763476,-1.835806214,-2.381958046,-3.491990905,-9.992323688,0.276700558,-0.420539112,0.314958131,0.795913954,-10.19688389,-6.467748377,-17.31911269,-0.90550475,-1.751629508,-0.591173486,-40.75,-19.78455629
-1.614560252,-1.113243877,-0.33674827,-2542.397037,-1.642959415,-2.245242254,-2.879047887,-3.327013637,0.299130039,-0.469325748,0.541076895,0.571788123,-9.931238424,-5.02934934,-13.52988053,-0.778934209,-2.057564818,-0.663784022,-23.25,-5.259960963
-0.721275051,-0.42768692,0.044260776,-3206.82195,0.155267321,0.443128092,0.409163788,-2.083918405,0.213704756,-0.914515117,0.242883588,0.214668231,-11.13479844,-2.393966868,-6.493765586,-0.109460997,-0.8079167,-0.357630921,-21.75,-14.5845785
-1.155096202,-0.803944381,-0.672243556,-1367.310297,-1.470955838,-2.010074764,-2.60873046,-3.86520771,-0.058429248,-0.375294227,0.12808164,-0.450909309,-9.62894575,-3.433371427,-9.200703475,-0.631663167,-1.315586623,-0.44515611,-14.5,-3.720918365
-0.424589271,-0.286083987,0.010824065,-2687.488299,-0.155696088,-0.284611369,-0.283896312,-0.063019477,-0.026869236,-1.148454926,0.208820808,-0.065693749,-11.38766228,-1.516308062,-3.765064611,-0.241185802,-0.831699966,-0.061261774,-20.25,-12.7170991
-0.976145874,-0.695375174,-1.33229697,-1806.148564,-0.668008251,-0.675961582,-1.23281202,-6.769265566,-0.011135222,-0.260559214,-0.125942695,0.424075655,-6.739360315,-3.353701578,-8.636591029,-0.485720381,-1.061978621,-0.499978492,-23.5,-13.11732442
-1.610311811,-1.063229775,-0.223380628,-2573.735959,-1.589629285,-2.143775,-2.780005556,-3.41979618,0.391098054,-0.361402575,0.722108808,0.651669622,-9.393196929,-5.02934934,-13.52988053,-0.731375031,-2.034129705,-0.59561759,-28.25,-8.750214119
-0.772225165,-0.49663011,-0.921614372,-1676.715141,-0.639341484,-0.636593778,-1.190306689,-6.779374861,-0.14150023,-0.329146289,-0.119444444,0.402637216,-6.473803632,-2.954707099,-7.554296765,-0.303563817,-0.794865795,-0.339812292,-24.75,-13.83338002
-0.717641961,-0.432138807,-0.018387448,-3523.460636,0.169364127,0.464569952,0.432376252,-2.153803361,0.158660447,-0.924991167,0.244912693,0.248215712,-11.08006489,-2.393966868,-6.493765586,-0.075238015,-0.774091556,-0.315784299,-26.25,-17.83063967
-1.291640616,-0.990573421,-0.423683613,-2284.202234,-1.147794386,-1.517494592,-2.095712792,-4.75071862,0.317111184,-0.427613134,0.348889747,0.563395017,-9.974682243,-3.832365905,-10.28299774,-0.647137044,-1.346717191,-0.503202245,-22,-9.661780493
-1.610438486,-1.063785257,-0.225281519,-2323.014481,-1.640868396,-2.191191045,-2.83839403,-3.431288007,0.42691232,-0.283581219,0.762279197,0.699537632,-9.074275315,-5.02934934,-13.52988053,-0.725412426,-2.030110544,-0.58679379,-27.25,-7.940650323
-0.717515287,-0.431581401,-0.016679153,-3615.898985,0.170178917,0.463915792,0.432261592,-2.139203679,0.14051153,-0.942084668,0.239046521,0.230395736,-11.16018205,-2.393966868,-6.493765586,-0.080559008,-0.781027698,-0.319788128,-26.25,-17.87598122
-1.122037489,-0.704472314,0.143219455,-2369.484398,-1.083388203,-1.499668975,-2.069491171,-4.60866418,0.320951848,-0.635594271,0.220724053,0.524340282,-10.39247543,-3.353701578,-8.636591029,-0.350530253,-0.880888777,-0.456505821,-19.25,-7.972989897
-0.973958576,-0.670253622,-1.273651655,-1465.080538,-0.688633542,-0.687405817,-1.250518463,-6.776783652,-0.041832861,-0.107501921,-0.10770502,0.430664063,-6.004428434,-3.353701578,-8.636591029,-0.463259516,-1.031363991,-0.454786479,-23,-12.58965554
-0.774412643,-0.521892567,-0.980138232,-1625.49809,-0.648903207,-0.655332269,-1.208647759,-6.770383224,-0.17256215,-0.348220151,-0.184185603,0.397259622,-6.424893637,-2.954707099,-7.554296765,-0.326580757,-0.824108323,-0.38771982,-22.75,-12.44948483
-0.424589271,-0.286083987,0.010824065,-2988.844587,-0.148964804,-0.277434985,-0.27482079,-0.062518628,-0.020667889,-1.171030917,0.191794094,-0.055659173,-11.4955561,-1.516308062,-3.765064611,-0.240980333,-0.83238043,-0.059850734,-22.25,-14.25657147
-0.977556507,-0.67065123,-1.300610727,-1594.593546,-0.68786508,-0.702213241,-1.261342566,-6.762820442,-0.201188259,-0.2155,-0.214206231,0.265876206,-6.378374184,-3.353701578,-8.636591029,-0.483399536,-1.056959606,-0.477775949,-21,-11.30283083
-1.170655163,-0.860404515,-0.130520523,-2327.104322,-0.966854883,-1.299517278,-1.863724152,-4.952020921,0.345451806,-0.428748703,0.357259643,0.512882501,-10.11784488,-3.353701578,-8.636591029,-0.432266517,-1.011093513,-0.456043635,-20.75,-10.50156368
-0.818176612,-0.497280165,-1.030613737,-2005.711483,-0.821145893,-1.084084423,-1.615821787,-5.50888107,-0.143388239,-0.414289745,-0.096945647,0.223026472,-7.188930047,-2.87503725,-6.990184319,-0.382550174,-1.067122092,-0.201961358,-25,-13.95369345
-0.353209808,0.008892053,1.89E-07,-1298.458246,-0.083816898,-0.176871046,-0.16755102,-0.172780035,-0.00279086,-1.080670004,-0.086734694,0.01814059,-12.24960609,-0.797988956,-2.164588529,0.345492118,0,-0.653061016,-8.5,-6.113143301
-1.169819242,-0.861813871,-0.130530844,-2147.295354,-0.981568707,-1.3061,-1.87510366,-4.96130938,0.431783145,-0.342481747,0.398277286,0.58211528,-9.849978689,-3.353701578,-8.636591029,-0.422256685,-0.99744949,-0.441930691,-20.75,-10.39875941
-0.97395844,-0.670265012,-1.273223879,-1774.900196,-0.664379863,-0.663542474,-1.221849332,-6.77752328,0.008931234,-0.219134938,-0.072041908,0.434135777,-6.622761927,-3.353701578,-8.636591029,-0.461162095,-1.030359614,-0.448545516,-25,-14.12054479
-0.719585185,-0.430489018,0.011966545,-3233.953532,0.160444746,0.453559767,0.419652862,-2.134414507,0.207411213,-0.895324315,0.256958683,0.258932872,-10.99984195,-2.393966868,-6.493765586,-0.087933263,-0.780968527,-0.317435328,-23.75,-15.97058098
-1.292603075,-0.989730952,-0.425231513,-2530.604997,-1.11681513,-1.491479597,-2.063026469,-4.744635364,0.283927708,-0.50815572,0.32635645,0.52913037,-10.24536436,-3.832365905,-10.28299774,-0.648200345,-1.34878128,-0.501734525,-23,-10.47701545
-0.974921022,-0.669330828,-1.273943038,-1629.401692,-0.677152245,-0.679234568,-1.239304,-6.774218901,-0.059434967,-0.180229552,-0.107127014,0.405002484,-6.36485036,-3.353701578,-8.636591029,-0.467067396,-1.037003996,-0.45927118,-23.5,-13.02174535
-1.008952237,-0.727981702,0.100807052,-2652.705404,-0.904529938,-1.238677946,-1.790598647,-4.952167261,0.264867307,-0.653757436,0.32426862,0.488998749,-10.56854743,-2.954707099,-7.554296765,-0.306329017,-0.826274326,-0.365114221,-22.5,-11.79510785
-0.9740851,-0.670740184,-1.273953256,-1996.19966,-0.647517094,-0.644124311,-1.199784172,-6.780751746,0.057677932,-0.278840407,-0.039462523,0.461525017,-6.979719091,-3.353701578,-8.636591029,-0.45617191,-1.025393355,-0.440278275,-27,-15.60091622
-0.813216882,-0.534132534,-0.969470226,-1570.872444,-0.653020406,-0.656384197,-1.211245767,-6.772969234,-0.142059498,-0.291531712,-0.135449566,0.418768735,-6.359807466,-2.954707099,-7.554296765,-0.341628053,-0.850889038,-0.370336065,-22.75,-12.40035675
-1.526843844,-0.932542419,-0.603400977,-2512.712485,-1.143396568,-1.556768444,-2.139577717,-4.617923719,0.27595145,-0.383468835,0.295529257,0.806320082,-10.21427839,-4.151690534,-10.80117956,-0.767815148,-1.532724169,-1.415426016,-20.75,-9.213115491
-1.169692581,-0.861339057,-0.130440711,-3004.03893,-0.905960122,-1.23573335,-1.789240048,-4.959259795,0.350378429,-0.587765365,0.332973364,0.476569856,-10.57760187,-3.353701578,-8.636591029,-0.423923761,-1.003862025,-0.438887126,-25.75,-14.2781066
-1.169692568,-0.861258389,-0.128629941,-2467.66017,-0.95016626,-1.279249567,-1.841220807,-4.957450523,0.382094717,-0.456732632,0.364373382,0.521270008,-10.19694285,-3.353701578,-8.636591029,-0.427974957,-1.006601895,-0.449167751,-22.25,-11.60149554
-0.973958426,-0.670184702,-1.272052456,-1697.600067,-0.670039004,-0.669108658,-1.228537205,-6.777350259,0.00082696,-0.193077224,-0.079832747,0.434231595,-6.479389569,-3.353701578,-8.636591029,-0.462892049,-1.032230754,-0.452840377,-24.5,-13.73818439
-1.169692574,-0.861274077,-0.126993979,-2313.739052,-0.965634131,-1.294489378,-1.859420189,-4.956821039,0.387497472,-0.411173948,0.373245599,0.533840192,-10.05973501,-3.353701578,-8.636591029,-0.428207383,-1.006038645,-0.45031413,-21.25,-10.83453338
-1.612499259,-1.088418362,-0.282242058,-2502.504452,-1.624390475,-2.199998582,-2.83728227,-3.379244523,0.380296553,-0.390245242,0.662889648,0.646765535,-9.55154371,-5.02934934,-13.52988053,-0.7544927,-2.044826969,-0.643928056,-25.75,-6.982545979
-0.356137462,-0.018599539,-0.047417245,-1150.228733,-0.093777544,-0.190374556,-0.183505917,-0.035306644,-0.039056655,-1.134346423,-0.211512735,0.15803488,-13.07078106,-0.797988956,-2.164588529,0.258245539,0,-0.715414698,-4.5,-3.316825937
-1.170655176,-0.86048484,-0.131777041,-2789.123202,-0.924621038,-1.257415578,-1.813666591,-4.954329642,0.329711927,-0.550604291,0.336010553,0.481717462,-10.48542557,-3.353701578,-8.636591029,-0.429136372,-1.009428131,-0.448096915,-23.75,-12.79814202
-1.007989642,-0.728833641,0.102538202,-2638.671631,-0.90294933,-1.233644723,-1.786130403,-4.956570935,0.300507909,-0.638590305,0.334875812,0.502189962,-10.51263598,-2.954707099,-7.554296765,-0.302217943,-0.821291994,-0.358764768,-23,-12.12871098
-0.717768635,-0.43269429,-0.020296525,-3355.556676,0.166580757,0.463266651,0.43004628,-2.16878238,0.177742178,-0.897688414,0.254584253,0.269332127,-10.96587149,-2.393966868,-6.493765586,-0.06917468,-0.76562034,-0.306557561,-25.75,-17.40319089
-0.717515287,-0.431583335,-0.016519722,-3539.602271,0.168374094,0.461996479,0.429924343,-2.138314445,0.140108833,-0.933448096,0.242462221,0.232422395,-11.13082475,-2.393966868,-6.493765586,-0.080646886,-0.780784074,-0.320154604,-25.75,-17.49529795
-1.170655176,-0.86048484,-0.131777041,-2635.446606,-0.93743032,-1.270179012,-1.828844,-4.953627083,0.335684244,-0.513510256,0.343469345,0.492608384,-10.37577404,-3.353701578,-8.636591029,-0.429301375,-1.008957326,-0.448798113,-22.75,-12.03358535
-0.812380961,-0.535541889,-0.969480338,-1708.148498,-0.639341484,-0.636593778,-1.190306689,-6.779374861,-0.03611629,-0.313187473,-0.083769184,0.478361866,-6.595167947,-2.954707099,-7.554296765,-0.331056217,-0.838469545,-0.353385423,-24.75,-13.83338002
-0.772225315,-0.49669903,-0.923213572,-1522.649928,-0.650167427,-0.647120558,-1.202999051,-6.779090345,-0.1764831,-0.279142511,-0.137363645,0.404619739,-6.164574607,-2.954707099,-7.554296765,-0.303815072,-0.794280658,-0.341313312,-23.75,-13.06694216
-0.9740851,-0.670740184,-1.273953256,-1611.632762,-0.674740752,-0.670561784,-1.23170117,-6.780212993,0.028664749,-0.151783285,-0.070995104,0.473039777,-6.295440475,-3.353701578,-8.636591029,-0.456693673,-1.02406305,-0.442813917,-24.5,-13.6892505
-0.353209808,0.008892053,1.89E-07,-1374.013355,-0.082398132,-0.175847946,-0.166061477,-0.171977173,-0.001751002,-1.099006854,-0.082110338,0.016615064,-12.26797638,-0.797988956,-2.164588529,0.345679012,0,-0.652441168,-9,-6.512080956
-0.974308442,-0.670057311,-1.296690526,-1728.069831,-0.67362618,-0.681685332,-1.239600148,-6.768931202,-0.099142785,-0.235848263,-0.096409967,0.361758576,-6.595686377,-3.353701578,-8.636591029,-0.476734625,-1.04941286,-0.474414658,-23,-12.73554419
-0.77318776,-0.495776237,-0.923504956,-1607.660737,-0.646075435,-0.646332693,-1.200612358,-6.776192589,-0.201234326,-0.318895622,-0.145238465,0.378677704,-6.354390263,-2.954707099,-7.554296765,-0.307739165,-0.799639038,-0.346243094,-23.75,-13.11687098
-0.718477882,-0.430727527,-0.018569735,-3556.162199,0.167395562,0.459451176,0.4275,-2.123040593,0.110536061,-0.942080606,0.239193594,0.223949643,-11.1829,-2.393966868,-6.493765586,-0.084734355,-0.785800941,-0.32621893,-25.25,-17.15981428
-0.717641961,-0.432138807,-0.018387448,-3675.753581,0.172895325,0.468269294,0.436906436,-2.155023836,0.157849619,-0.942278381,0.237722518,0.242888411,-11.13864722,-2.393966868,-6.493765586,-0.075049407,-0.774596896,-0.315014885,-27.25,-18.59214426
-0.351927861,0.029178773,-0.025797802,-1207.225524,-0.090825471,-0.186675309,-0.179067215,-0.065820048,-0.154320988,-1.123588127,-0.142857143,0.172000479,-12.84282472,-0.797988956,-2.164588529,0.226373212,0,-0.729502495,-5.5,-4.035505823
-0.353101055,0.011173891,0.003087898,-929.5213789,-0.095243438,-0.186761224,-0.180975057,-0.142879252,-0.083333333,-0.960526316,-0.123809524,-0.153846154,-12.23054446,-0.797988956,-2.164588529,0.330278303,0,-0.667724553,-5.5,-3.786243532
-1.032312249,-0.675753606,-0.385091354,-1291.58882,-1.243636323,-1.731118188,-2.313358163,-4.091336419,0.198890112,-0.19535278,0.317093546,-0.31178056,-9.427655617,-2.954707099,-7.554296765,-0.467887692,-1.192086758,-0.385476047,-14.25,-5.152863249
-0.717641975,-0.432217031,-0.019632215,-3751.845093,0.174568827,0.470022021,0.439053061,-2.155602758,0.157315193,-0.95045102,0.23426874,0.240255209,-11.16620563,-2.393966868,-6.493765586,-0.07287743,-0.773034016,-0.313848868,-27.75,-18.97261164
-1.52574568,-0.90713769,-0.549390304,-2536.183603,-1.130600887,-1.531028417,-2.114604549,-4.643934628,0.270669393,-0.350627082,0.360678799,0.808714172,-10.06422065,-4.151690534,-10.80117956,-0.754049814,-1.520263769,-1.405246521,-22.75,-10.59846357
-0.582478131,-0.350515095,0.020400422,-2441.801978,0.010746696,0.134109951,0.108831748,-1.283825189,-0.001433052,-0.976241863,0.273481062,0.060883231,-11.14978072,-1.99497239,-5.411471322,-0.334523914,-0.774360645,-0.324092378,-18.25,-11.49867149
-1.171880015,-0.886446976,-0.187495934,-2820.013444,-0.92728593,-1.266545499,-1.821678454,-4.946191511,0.374634135,-0.580036085,0.31138628,0.51629538,-10.6015543,-3.353701578,-8.636591029,-0.450597755,-1.036987783,-0.495381842,-22.75,-12.12916442
-0.673206728,-0.347584731,-1.246347147,-700.0842578,-0.850706141,-1.013567058,-1.570738959,-5.908629533,-0.58686387,-0.077566464,-0.417899087,-0.278968664,-4.217375047,-2.555712621,-6.472002501,-0.377032286,-1.032425623,0,-17.25,-7.842327627
-0.722528677,-0.454045431,-0.067532348,-3646.202188,0.162668599,0.447131578,0.415776003,-2.049748685,0.131917175,-0.988159083,0.209984253,0.222177869,-11.46604462,-2.393966868,-6.493765586,-0.120384668,-0.825437546,-0.377699635,-22.75,-15.48036303
-2.280318809,-1.812960787,-1.189949033,-4700.763476,-1.835806214,-2.381958046,-3.491990905,-9.992323688,0.276700558,-0.420539112,0.314958131,0.795913954,-10.19688389,-6.467748377,-17.31911269,-0.905253496,-1.751412566,-0.588015997,-40.75,-19.78455629
-1.009844772,-0.716259811,0.121198565,-2560.597989,-0.923072655,-1.271197314,-1.823090915,-4.934124777,0.333469474,-0.688552509,0.265134457,0.543864731,-10.71379912,-2.954707099,-7.554296765,-0.336509004,-0.865337629,-0.43632768,-19.5,-9.694512241
-1.524909745,-0.90846672,-0.548144094,-2810.108582,-1.091673498,-1.48341864,-2.06154625,-4.662801736,0.332793569,-0.403931655,0.378677995,0.810045234,-10.18155283,-4.151690534,-10.80117956,-0.748846247,-1.515980292,-1.400564638,-25.75,-12.79466472
-0.976019199,-0.694817767,-1.330589301,-1739.61962,-0.674788296,-0.685763774,-1.243186238,-6.766289098,-0.062750033,-0.250779351,-0.159180316,0.377244914,-6.639769541,-3.353701578,-8.636591029,-0.491229982,-1.068409423,-0.504751734,-22.5,-12.40100147
-0.772351839,-0.497185591,-0.923506586,-1898.483928,-0.623335428,-0.618080542,-1.169312289,-6.782643724,-0.085855539,-0.383948056,-0.085219722,0.425487448,-6.853732592,-2.954707099,-7.554296765,-0.296944408,-0.787766681,-0.327467895,-26.75,-15.31525042
-0.975813556,-0.657604872,-1.256055087,-1515.705106,-0.694240779,-0.708856204,-1.26915699,-6.762339786,-0.071729561,-0.188513237,-0.232095804,0.383665562,-6.211906174,-3.353701578,-8.636591029,-0.497333636,-1.075952967,-0.530722665,-20.5,-10.92076474
-0.717768635,-0.43269428,-0.020255175,-3811.595885,0.177155556,0.474174018,0.443481758,-2.170822509,0.171305537,-0.95064911,0.23185814,0.249941277,-11.14501721,-2.393966868,-6.493765586,-0.067532629,-0.768260773,-0.310165639,-28.75,-19.68874407
-0.773187774,-0.495856918,-0.925385919,-1916.420359,-0.626274679,-0.626812109,-1.17719707,-6.776953438,-0.154836886,-0.408845066,-0.110809333,0.377212935,-6.91848505,-2.954707099,-7.554296765,-0.303117499,-0.795309689,-0.335721501,-25.75,-14.64693266
-1.008952237,-0.727981702,0.100807052,-2344.719838,-0.930866833,-1.265039371,-1.8218698,-4.950411075,0.272213892,-0.582210504,0.339083159,0.516452175,-10.32916228,-2.954707099,-7.554296765,-0.306710962,-0.82526018,-0.366663439,-20.5,-10.26191974
-0.721628144,-0.455248494,-0.076883923,-3396.643935,0.157666641,0.442809289,0.410065866,-2.057175845,0.058791794,-0.953789379,0.222546128,0.235181834,-11.32214645,-2.393966868,-6.493765586,-0.117025708,-0.813409017,-0.345344381,-21.75,-14.6757368
-0.812254287,-0.534986407,-0.967579644,-1639.566776,-0.646075435,-0.646332693,-1.200612358,-6.776192589,-0.079063764,-0.302312663,-0.107383683,0.445526336,-6.480501093,-2.954707099,-7.554296765,-0.337452706,-0.846115795,-0.363905263,-23.75,-13.11687098
-0.719829628,-0.457511712,-0.074970476,-3419.986599,0.162586666,0.452731115,0.420038391,-2.105016158,0.157741538,-0.933379901,0.240921188,0.2795414,-11.17642679,-2.393966868,-6.493765586,-0.103874474,-0.797486284,-0.331715042,-23.75,-16.06290496
-0.718731231,-0.431840417,-0.022187117,-3294.716064,0.163553226,0.458479484,0.424919469,-2.15179816,0.148935089,-0.896419733,0.256450256,0.265141646,-10.98238688,-2.393966868,-6.493765586,-0.073947923,-0.769795688,-0.309830875,-24.75,-16.68688813
-1.170655163,-0.860404515,-0.130520523,-2635.446606,-0.93743032,-1.270179012,-1.828844,-4.953627083,0.335684244,-0.513510256,0.343469345,0.492608384,-10.37577404,-3.353701578,-8.636591029,-0.431884573,-1.012107659,-0.454494417,-22.75,-12.03358535
-0.583567401,-0.350216694,0.01664276,-2288.870855,0.00415774,0.127233264,0.1004,-1.281960926,-0.026819923,-0.951690821,0.285223368,0.07063197,-11.05734712,-1.99497239,-5.411471322,-0.333406603,-0.772159745,-0.326597957,-17.25,-10.72695153
-0.9740851,-0.670740184,-1.273953256,-1457.197984,-0.687459561,-0.682921843,-1.246619741,-6.779962368,0.012032521,-0.092479537,-0.087964317,0.474636349,-5.972122886,-3.353701578,-8.636591029,-0.456963756,-1.023456025,-0.444107781,-23.5,-12.9228849
-1.612499259,-1.088418362,-0.282242058,-2727.143595,-1.575942167,-2.147554667,-2.776485333,-3.383674112,0.385309699,-0.437698413,0.655583264,0.644444444,-9.739798553,-5.02934934,-13.52988053,-0.754226969,-2.04532124,-0.64282392,-27.25,-8.124531295
-1.032312249,-0.675753606,-0.385091354,-1369.065565,-1.225207769,-1.713353854,-2.291978934,-4.09165826,0.19616552,-0.238696369,0.319666819,-0.278306039,-9.573885067,-2.954707099,-7.554296765,-0.467771479,-1.192368383,-0.384676325,-14.75,-5.54309049
-0.9740851,-0.670740184,-1.273953256,-1996.19966,-0.647517094,-0.644124311,-1.199784172,-6.780751746,0.057677932,-0.278840407,-0.039462523,0.461525017,-6.979719091,-3.353701578,-8.636591029,-0.456243673,-1.025289424,-0.440001839,-27,-15.60091622
-0.356774066,0.009235118,0.01643022,-1304.48877,-0.089768243,-0.186654578,-0.178608799,-0.047601979,-0.007682264,-1.168906064,-0.156500049,-0.051787838,-13.0448877,-0.797988956,-2.164588529,0.297288225,0,-0.689926919,-5.5,-4.111283059
-1.524783234,-0.908060469,-0.549013917,-2365.779825,-1.150728327,-1.547169977,-2.135708844,-4.651213139,0.30226534,-0.285302734,0.382778451,0.85185457,-9.857415938,-4.151690534,-10.80117956,-0.752065154,-1.51776002,-1.404217786,-22.25,-10.16784048
-1.170528489,-0.859849043,-0.128653419,-2418.618294,-0.960199607,-1.296538651,-1.858576049,-4.947884397,0.310272802,-0.46874826,0.337433099,0.472727054,-10.2483826,-3.353701578,-8.636591029,-0.437559175,-1.018067656,-0.459968858,-20.75,-10.55156301
-0.973831792,-0.66980889,-1.26506145,-1707.097167,-0.671251896,-0.673358953,-1.232276701,-6.774459057,-0.042268304,-0.207007957,-0.097493234,0.394531728,-6.515638041,-3.353701578,-8.636591029,-0.46664336,-1.036828418,-0.454572178,-24,-13.4041394
-1.612209016,-1.062247856,-0.251527387,-2625.556383,-1.590839623,-2.157567123,-2.790690411,-3.394599218,0.336543243,-0.401711199,0.68099652,0.602416883,-9.582322567,-5.02934934,-13.52988053,-0.740406631,-2.039492218,-0.609636229,-27.25,-8.079586446
-1.29164063,-0.990653731,-0.424855126,-2438.061726,-1.125915875,-1.496071686,-2.070352173,-4.751668472,0.31628391,-0.470561301,0.345281296,0.555520274,-10.1164387,-3.832365905,-10.28299774,-0.64647845,-1.346463724,-0.498132839,-23,-10.42811174
-0.717895309,-0.433249763,-0.022164251,-3719.816379,0.176536534,0.475035918,0.443850446,-2.185622438,0.18648638,-0.934934404,0.235796008,0.264670543,-11.07088208,-2.393966868,-6.493765586,-0.06110203,-0.760318017,-0.299435279,-28.75,-19.64385747
-1.008952251,-0.728062384,0.098917516,-2806.222102,-0.893074572,-1.227218755,-1.777002699,-4.95293486,0.260233038,-0.685057034,0.31653951,0.475449438,-10.67004602,-2.954707099,-7.554296765,-0.301872354,-0.821474172,-0.355293826,-23.5,-12.56020069
-1.61333518,-1.087009017,-0.282265547,-2483.636541,-1.642459064,-2.232308571,-2.86932,-3.351965004,0.274797201,-0.420679209,0.605913279,0.563783035,-9.701705236,-5.02934934,-13.52988053,-0.7635848,-2.050096915,-0.651571674,-24.25,-5.931013021
-0.810795445,-0.484533393,-1.079576744,-1433.412965,-0.850510622,-1.104293919,-1.644777778,-5.520268644,-0.242750361,-0.202071468,-0.14785525,0.182998245,-6.048155969,-2.87503725,-6.990184319,-0.324707765,-0.874627568,-0.165424135,-23,-12.27297326
-0.818356894,-0.496723568,-1.031702793,-1978.855822,-0.818059805,-1.075131753,-1.607611177,-5.516824038,-0.098130051,-0.388769812,-0.07120597,0.31147174,-7.092673195,-2.87503725,-6.990184319,-0.374962809,-1.057401996,-0.194380078,-26,-14.62231835
-0.720403073,-0.429021715,-0.022191487,-3360.527459,0.159581208,0.447913028,0.41490066,-2.087803749,0.033120266,-0.933756028,0.237778744,0.204748073,-11.2017582,-2.393966868,-6.493765586,-0.093278705,-0.793908011,-0.333132033,-22.75,-15.34670243
-1.169565907,-0.860783217,-0.127900782,-2635.446606,-0.93743032,-1.270179012,-1.828844,-4.953627083,0.347589006,-0.513510256,0.343469345,0.480498146,-10.37577404,-3.353701578,-8.636591029,-0.431884573,-1.012107659,-0.451746844,-22.75,-12.03358535
-0.9740851,-0.670740184,-1.273953256,-1534.464713,-0.680951119,-0.676596302,-1.238985083,-6.780090532,0.020794719,-0.122821302,-0.079099371,0.474130326,-6.13785885,-3.353701578,-8.636591029,-0.456828714,-1.023759537,-0.443613639,-24,-13.30619594
-0.975774967,-0.667946361,-1.241685603,-1482.961308,-0.690927768,-0.696175592,-1.258141059,-6.770726312,-0.0179044,-0.138688525,-0.152215569,0.363432343,-6.077710279,-3.353701578,-8.636591029,-0.478356449,-1.050707711,-0.483809232,-22,-11.92263489
-1.171324894,-0.855574631,-0.060926912,-2356.101549,-0.969238182,-1.30934064,-1.872130554,-4.94281401,0.479955006,-0.465243826,0.319542217,0.449860436,-10.24391978,-3.353701578,-8.636591029,-0.453688899,-1.038452592,-0.48523548,-19.75,-9.835043448
-1.170528502,-0.859929368,-0.129909938,-2573.138417,-0.945565012,-1.281775278,-1.841099706,-4.948876422,0.308926591,-0.509840725,0.332752627,0.466372642,-10.37555813,-3.353701578,-8.636591029,-0.434810975,-1.015388128,-0.453571356,-21.75,-11.3171414
-0.584792253,-0.376268806,-0.042681776,-2474.191213,0.008247606,0.127090384,0.102243608,-1.240046413,0.046265544,-1.002411001,0.259943205,0.126895097,-11.29767677,-1.99497239,-5.411471322,-0.352031254,-0.797172371,-0.367226663,-17.25,-10.83549431
-0.353083147,0.009368944,-9.39E-06,-1691.638433,-0.078750028,-0.174045679,-0.162970679,-0.148768845,-0.015999884,-1.16902687,-0.060909307,0.000771605,-12.43851789,-0.797988956,-2.164588529,0.339846241,0,-0.655690422,-10.5,-7.775013058
-0.583440726,-0.349661222,0.01850984,-2381.033267,0.006275036,0.127159318,0.101354263,-1.260239671,-0.052192377,-0.977618249,0.272708588,0.044837293,-11.17855994,-1.99497239,-5.411471322,-0.338699261,-0.779133888,-0.33052318,-17.25,-10.78179385
-0.974794497,-0.668844276,-1.273675137,-1482.961308,-0.690927768,-0.696175592,-1.258141059,-6.770726312,-0.145517687,-0.138688525,-0.152215569,0.348609272,-6.077710279,-3.353701578,-8.636591029,-0.472693209,-1.043153173,-0.464489504,-22,-11.92263489
-1.170655176,-0.86048484,-0.131777041,-2481.454729,-0.951448418,-1.284152701,-1.845458464,-4.952860559,0.341042137,-0.473047998,0.350633547,0.50311154,-10.25394516,-3.353701578,-8.636591029,-0.429518317,-1.008413985,-0.449646133,-21.75,-11.26807735
-0.719412492,-0.430601624,-0.044817842,-3573.169516,0.166428332,0.456933588,0.425102763,-2.107977446,0.107998227,-0.950897219,0.235089541,0.214567108,-11.23638213,-2.393966868,-6.493765586,-0.091150551,-0.790475087,-0.326508034,-24.75,-16.82419151
-0.353209808,0.008892053,1.89E-07,-1901.832353,-0.07554356,-0.170955062,-0.1589,-0.168046933,0.000846561,-1.184675325,-0.06,0.00969697,-12.34956073,-0.797988956,-2.164588529,0.346422222,0,-0.649539196,-12.5,-9.280187858
-0.718604556,-0.431284934,-0.020278041,-3310.439996,0.162541809,0.4557917,0.422369813,-2.135444835,0.12770634,-0.905435026,0.253206982,0.24744472,-11.03479999,-2.393966868,-6.493765586,-0.080262512,-0.777681766,-0.319996837,-24.25,-16.35206758
-1.29176714,-0.991059982,-0.423985303,-2499.754986,-1.114645412,-1.480659,-2.054021515,-4.759752313,0.356802805,-0.473547182,0.358129567,0.583695949,-10.12046553,-3.832365905,-10.28299774,-0.644106902,-1.343804921,-0.491181386,-24,-11.14460819
-0.772351839,-0.497185591,-0.923506586,-1745.565085,-0.632809087,-0.627153125,-1.180313858,-6.7825155,-0.100607202,-0.339447523,-0.09769019,0.432646701,-6.587038057,-2.954707099,-7.554296765,-0.297167328,-0.787219545,-0.329292452,-25.75,-14.5498839
-0.818303272,-0.497754979,-1.030703856,-1609.28862,-0.842785784,-1.103311526,-1.640439543,-5.511443752,-0.16218294,-0.286796273,-0.121610967,0.237515826,-6.463006504,-2.87503725,-6.990184319,-0.380069838,-1.062951154,-0.200666206,-23,-12.37481553
-1.612166939,-1.050624129,-0.202506229,-2632.737264,-1.608532747,-2.195060274,-2.826361644,-3.356120045,0.378266155,-0.450188773,0.60900306,0.634872391,-9.823646507,-5.02934934,-13.52988053,-0.765565363,-2.0501898,-0.672560653,-25.25,-6.69225379
-0.835664353,-0.462253399,-1.613144677,-447.6601971,-0.935620346,-1.100601235,-1.674039567,-5.904553446,-0.827448358,0.261221486,-0.562091503,-0.783730159,-2.964637067,-2.954707099,-7.554296765,-0.508314384,-1.224146418,-0.398557174,-15.5,-6.592833528
-0.585430777,-0.348405448,0.030956059,-2627.500236,0.014207046,0.133531185,0.110039022,-1.243804162,0.031802588,-1.022781329,0.25153349,0.054648743,-11.3744599,-1.99497239,-5.411471322,-0.343209827,-0.785977379,-0.342377157,-18.25,-11.60483311
-0.818356894,-0.496723568,-1.031702793,-2131.130054,-0.810096037,-1.067119736,-1.597842945,-5.517141775,-0.085106757,-0.428917704,-0.061023386,0.311403243,-7.323470975,-2.87503725,-6.990184319,-0.37484868,-1.057763039,-0.193610664,-27,-15.38638368
-1.009717938,-0.715642015,0.121648335,-2500.398736,-0.931163259,-1.283078556,-1.835534136,-4.929217353,0.302327416,-0.691980598,0.240986193,0.513062561,-10.73132505,-2.954707099,-7.554296765,-0.342018605,-0.871768431,-0.441100923,-18.5,-8.978077994
-1.008952237,-0.727981702,0.100807052,-2498.885293,-0.917073141,-1.251230103,-1.805489606,-4.95132937,0.268957731,-0.619607455,0.331850542,0.502734375,-10.455587,-2.954707099,-7.554296765,-0.306494019,-0.825803521,-0.365815419,-21.5,-11.02903331
-0.772225178,-0.496708342,-0.92288344,-1983.885237,-0.620373111,-0.618159285,-1.16807607,-6.779875236,-0.106051047,-0.416813797,-0.091143631,0.394513181,-7.010195184,-2.954707099,-7.554296765,-0.301572471,-0.793715691,-0.334133125,-26.75,-15.3633052
-1.29176714,-0.991059982,-0.423985303,-2652.802562,-1.095555352,-1.46217786,-2.032051925,-4.760252991,0.35016934,-0.512442219,0.3510997,0.570615936,-10.24248093,-3.832365905,-10.28299774,-0.643992773,-1.344189725,-0.489680366,-25,-11.90987433
-0.976019349,-0.694888621,-1.332029069,-1503.949603,-0.693153038,-0.704690708,-1.265539101,-6.765046314,-0.122258181,-0.17148384,-0.203673095,0.355820289,-6.16372788,-3.353701578,-8.636591029,-0.491534802,-1.067622458,-0.50596623,-21,-11.25489446
-0.353083147,0.009369301,0.000621462,-1540.036183,-0.080799871,-0.175596786,-0.165188246,-0.148018461,-0.021198445,-1.144887289,-0.067656535,-0.000257117,-12.41964664,-0.797988956,-2.164588529,0.336956204,0,-0.658554689,-9.5,-6.984861082
-0.424589271,-0.286083987,0.010824065,-2838.193379,-0.152172184,-0.280853975,-0.279144889,-0.062757401,-0.023509479,-1.160295888,0.199955777,-0.060320894,-11.44432814,-1.516308062,-3.765064611,-0.241071674,-0.832061009,-0.06049236,-21.25,-13.48745101
-0.352949935,0.012592374,0.013752932,-1479.796979,-0.082808516,-0.178022754,-0.168164062,-0.124885861,0.023286095,-1.147576801,-0.071018449,-0.028702446,-12.54065236,-0.797988956,-2.164588529,0.317222222,0,-0.673142164,-8.5,-6.266492327
-0.772351839,-0.497185591,-0.923506586,-1592.389403,-0.64316227,-0.637071278,-1.192339526,-6.782375626,-0.118004411,-0.290841698,-0.112297252,0.439023531,-6.29402926,-2.954707099,-7.554296765,-0.29738427,-0.786676204,-0.330140472,-24.75,-13.78351991
-1.292603061,-0.989650627,-0.423974995,-2453.642189,-1.126939315,-1.501494183,-2.074837017,-4.744025924,0.283133581,-0.488714446,0.327382562,0.532100546,-10.18108792,-3.832365905,-10.28299774,-0.649135986,-1.349671976,-0.507686946,-22.5,-10.09443429
-0.717641968,-0.432154496,-0.016751486,-3371.007883,0.16556396,0.460587359,0.4275,-2.152491566,0.156574074,-0.906323529,0.2525,0.253594891,-11.01636563,-2.393966868,-6.493765586,-0.075470441,-0.773528306,-0.316930678,-25.25,-17.06834448
-0.818356894,-0.496723568,-1.031702793,-1673.726481,-0.836170163,-1.093359642,-1.629831025,-5.516103498,-0.130980957,-0.297539514,-0.096968213,0.306915402,-6.563633258,-2.87503725,-6.990184319,-0.375296595,-1.056520351,-0.196490858,-24,-13.09136374
-1.295556587,-1.002724376,-0.455755535,-2529.310337,-1.144746808,-1.552921848,-2.120823725,-4.686762004,0.252697586,-0.635893887,0.104629466,0.487161257,-10.76302271,-3.832365905,-10.28299774,-0.671261532,-1.376086133,-0.598055173,-18,-7.037647668
-1.169819242,-0.861813871,-0.130530831,-2454.49576,-0.948864065,-1.274272236,-1.836918166,-4.962165512,0.407992329,-0.440792187,0.376463659,0.549854187,-10.14254446,-3.353701578,-8.636591029,-0.42169468,-0.99867402,-0.439092993,-22.75,-11.9347249
-1.169819242,-0.861813871,-0.130530832,-2147.295354,-0.981568707,-1.3061,-1.87510366,-4.96130938,0.431783145,-0.342481747,0.398277286,0.58211528,-9.849978689,-3.353701578,-8.636591029,-0.422204832,-0.997499658,-0.441355294,-20.75,-10.39875941
-1.03314817,-0.674344261,-0.38512361,-1314.124854,-1.243978332,-1.744327424,-2.323413175,-4.075669243,0.046558954,-0.271427705,0.219619415,-0.469242243,-9.592152217,-2.954707099,-7.554296765,-0.476863579,-1.203236248,-0.401578669,-13.25,-4.497907808
-1.034044753,-0.663272406,-0.377756239,-1378.285548,-1.244611076,-1.768819,-2.342039516,-4.04827464,0.13428231,-0.44129562,-0.051193182,-0.433676471,-10.06047845,-2.954707099,-7.554296765,-0.501210709,-1.234466664,-0.472090931,-11.25,-3.183795614
-0.818356894,-0.496723568,-1.031702793,-1520.817645,-0.846525697,-1.103787234,-1.642540083,-5.51569275,-0.151831997,-0.245423536,-0.113362901,0.301266522,-6.258508829,-2.87503725,-6.990184319,-0.37554785,-1.055977011,-0.197991878,-23,-12.324366
-0.813216882,-0.534132534,-0.969470226,-1726.139142,-0.642224133,-0.645590921,-1.198365645,-6.773504737,-0.11718049,-0.340631712,-0.11562704,0.41924682,-6.664629892,-2.954707099,-7.554296765,-0.341411111,-0.851432379,-0.369488045,-23.75,-13.16593361
-0.969903127,-0.689978161,0.175990207,-2432.664744,-0.928287281,-1.273259766,-1.826913678,-4.937532104,0.251417209,-0.673446721,0.240825289,0.499196499,-10.44062122,-2.954707099,-7.554296765,-0.302837058,-0.813544288,-0.413082729,-19.5,-9.645641719
-0.973958433,-0.67020039,-1.270416494,-1542.69715,-0.682147042,-0.681021654,-1.242849403,-6.776980977,-0.02110087,-0.137345609,-0.097581524,0.432597574,-6.170788601,-3.353701578,-8.636591029,-0.463124475,-1.031667503,-0.453986756,-23.5,-12.97274651
-0.719440491,-0.429955904,-0.021524457,-3573.169516,0.166428332,0.456933588,0.425102763,-2.107977446,0.079359256,-0.950897219,0.235089541,0.214567108,-11.23638213,-2.393966868,-6.493765586,-0.086251229,-0.787643876,-0.327429235,-24.75,-16.82419151
-0.721303855,-0.428067668,-0.006133103,-3608.63508,0.164527001,0.451979775,0.420387812,-2.078466404,0.09841594,-0.969114509,0.224307638,0.192998001,-11.34790906,-2.393966868,-6.493765586,-0.101543075,-0.800968261,-0.336222909,-23.75,-16.15253956
-1.171589772,-0.86027647,-0.1567767,-2418.618294,-0.960199607,-1.296538651,-1.858576049,-4.947884397,0.337603508,-0.46874826,0.337433099,0.486767894,-10.2483826,-3.353701578,-8.636591029,-0.437122771,-1.017546217,-0.463631472,-20.75,-10.55156301
-1.169692731,-0.861407619,-0.131400873,-2851.10757,-0.917248479,-1.246840134,-1.802509203,-4.958796334,0.348422326,-0.554196523,0.341810557,0.489170928,-10.48201313,-3.353701578,-8.636591029,-0.425284986,-1.004977149,-0.439164422,-24.75,-13.51451466
-0.424589271,-0.286083987,0.010824065,-2310.432701,-0.166241334,-0.295861531,-0.298118596,-0.063802109,-0.03848333,-1.112735893,0.234690624,-0.083406298,-11.21569272,-1.516308062,-3.765064611,-0.241635802,-0.830556606,-0.064073852,-17.75,-10.7852532
-0.976145874,-0.695375174,-1.332296971,-1493.047081,-0.692048826,-0.700464285,-1.261867525,-6.767840785,-0.060451097,-0.154879153,-0.177058095,0.408341183,-6.119045415,-3.353701578,-8.636591029,-0.486160243,-1.060888144,-0.501687129,-21.5,-11.58885252
-0.9740851,-0.670740184,-1.273953268,-1534.464713,-0.680951119,-0.676596302,-1.238985083,-6.780090532,0.020794719,-0.122821302,-0.079099371,0.474130326,-6.13785885,-3.353701578,-8.636591029,-0.456956834,-1.023621689,-0.444755297,-24,-13.30619594
-0.81410942,-0.522436452,-0.953902516,-1770.225989,-0.64774674,-0.662854142,-1.213819003,-6.762780564,-0.08944322,-0.399378814,-0.196827265,0.421338616,-6.834849377,-2.954707099,-7.554296765,-0.371426096,-0.890966487,-0.440000306,-21.75,-11.82897191
-1.032312249,-0.675753606,-0.385091354,-1446.3675,-1.208188344,-1.69695525,-2.272240766,-4.091956181,0.192937186,-0.279127517,0.320582524,-0.249583333,-9.707164426,-2.954707099,-7.554296765,-0.46767075,-1.192630098,-0.383975028,-15.25,-5.93281314
-0.717641961,-0.432138807,-0.018387448,-3371.007883,0.16556396,0.460587359,0.4275,-2.152491566,0.15904321,-0.906323529,0.2525,0.253594891,-11.01636563,-2.393966868,-6.493765586,-0.075489269,-0.773506419,-0.316723523,-25.25,-17.06834448
-0.97395844,-0.670265012,-1.273223879,-1929.228196,-0.653769074,-0.653109078,-1.209312211,-6.777848419,0.02294274,-0.268006595,-0.058284761,0.432524383,-6.890100699,-3.353701578,-8.636591029,-0.460945153,-1.030902955,-0.447697496,-26,-14.88458001
-0.810668772,-0.483991732,-1.078482026,-1673.726481,-0.836170163,-1.093359642,-1.629831025,-5.516103498,-0.239185475,-0.297539514,-0.136659984,0.161282199,-6.563633258,-2.87503725,-6.990184319,-0.330477398,-0.882395598,-0.173774809,-24,-13.09136374
-0.719702954,-0.45695624,-0.07310275,-3513.997816,0.16358021,0.452346474,0.42021729,-2.091411693,0.136649563,-0.9515236,0.232671803,0.258054816,-11.26281351,-2.393966868,-6.493765586,-0.109167132,-0.804460427,-0.335640265,-23.75,-16.1080438
-0.721206214,-0.431779326,-0.004603392,-3608.63508,0.164527001,0.451979775,0.420387812,-2.078466404,0.131753754,-0.969114509,0.224307638,0.200678422,-11.34790906,-2.393966868,-6.493765586,-0.099534573,-0.798173256,-0.331460163,-23.75,-16.15253956
-1.612499259,-1.088418362,-0.282242058,-2427.665761,-1.64194421,-2.219,-2.859310145,-3.377639599,0.377223404,-0.37354531,0.664256675,0.646041236,-9.483069378,-5.02934934,-13.52988053,-0.754608913,-2.044640776,-0.644373138,-25.25,-6.601494949
-0.717768642,-0.432709979,-0.018660563,-3279.423679,0.164577301,0.461198948,0.4275,-2.168396647,0.176077521,-0.887600263,0.258777967,0.272738452,-10.93141226,-2.393966868,-6.493765586,-0.069309722,-0.765358625,-0.306960499,-25.25,-17.02155267
-0.717641975,-0.432219108,-0.019526015,-3751.845093,0.174568827,0.470022021,0.439053061,-2.155602758,0.157315193,-0.95045102,0.23426874,0.240255209,-11.16620563,-2.393966868,-6.493765586,-0.07282549,-0.773166518,-0.313590149,-27.75,-18.97261164
-0.818230233,-0.496248754,-1.031607144,-1915.619984,-0.823854247,-1.083968639,-1.616994425,-5.512555407,-0.13440169,-0.380426101,-0.089976538,0.277743447,-7.016923018,-2.87503725,-6.990184319,-0.378646037,-1.061085224,-0.199889678,-25,-13.90591073
-0.353209808,0.008892053,1.89E-07,-1751.171542,-0.077090799,-0.172052082,-0.160511322,-0.168941686,0.000546777,-1.165768166,-0.064968406,0.011167925,-12.33219395,-0.797988956,-2.164588529,0.346277043,0,-0.650180822,-11.5,-8.493144201
-0.975680361,-0.654411914,-1.243123713,-1528.347125,-0.695312415,-0.71296208,-1.27272236,-6.759718212,-0.072762651,-0.205977088,-0.262361164,0.329716866,-6.263717723,-3.353701578,-8.636591029,-0.504803048,-1.08538871,-0.536659325,-20,-10.58646726
-1.293827913,-1.015693088,-0.480949589,-2564.111106,-1.118920367,-1.501986673,-2.07176781,-4.730161574,0.328449365,-0.544295863,0.288003455,0.556165576,-10.38101662,-3.832365905,-10.28299774,-0.656145011,-1.358335152,-0.548760734,-22,-9.808729243
-0.718604556,-0.431284934,-0.02027804,-3386.875187,0.164559493,0.457938683,0.424983604,-2.136436898,0.128865337,-0.915144003,0.249541074,0.245281011,-11.06821956,-2.393966868,-6.493765586,-0.08012747,-0.777985279,-0.319502694,-24.75,-16.73334591
-0.719627147,-0.420367283,-0.017874606,-3360.527459,0.159581208,0.447913028,0.41490066,-2.087803749,0.189793756,-0.933756028,0.237778744,0.306465361,-11.2017582,-2.393966868,-6.493765586,-0.112155338,-0.801026104,-0.356137741,-22.75,-15.34670243
-0.974948602,-0.654747088,-1.255694225,-1817.902835,-0.669184438,-0.679991324,-1.236367752,-6.766670708,-0.011395814,-0.275002303,-0.146693483,0.421437833,-6.783219534,-3.353701578,-8.636591029,-0.495003414,-1.074632975,-0.526745461,-23,-12.78259676
-2.282243999,-1.81125304,-1.193730198,-4582.735319,-1.85324118,-2.406309567,-3.517209426,-9.997970167,0.21931908,-0.418181453,0.291535963,0.776882897,-10.20653746,-6.467748377,-17.31911269,-0.910055382,-1.75618014,-0.595679085,-38.75,-18.35371038
-0.424535649,-0.287115398,0.011823001,-2782.394516,-0.155382713,-0.286405096,-0.285106485,-0.040666489,-0.030863029,-1.165722232,0.204292175,-0.100051593,-11.497498,-1.516308062,-3.765064611,-0.245844916,-0.838491812,-0.064667707,-20.25,-12.77066865
-1.525745666,-0.907057365,-0.548133786,-2304.844042,-1.162779029,-1.563948457,-2.153657376,-4.641376037,0.264275555,-0.278737136,0.363133301,0.837944067,-9.849760861,-4.151690534,-10.80117956,-0.755455173,-1.520782079,-1.406929095,-21.25,-9.451371672
-2.281281404,-1.812106913,-1.191839615,-4641.613067,-1.844451201,-2.39403125,-3.50449441,-9.995114749,0.249226146,-0.419221467,0.303979558,0.787143753,-10.2013474,-6.467748377,-17.31911269,-0.907888537,-1.753796353,-0.594446799,-39.75,-19.06913429
-0.720375087,-0.429747751,-0.046708423,-3513.997816,0.16358021,0.452346474,0.42021729,-2.091411693,0.072416733,-0.9515236,0.232671803,0.204585715,-11.26281351,-2.393966868,-6.493765586,-0.095325898,-0.79524833,-0.332938836,-23.75,-16.1080438
-1.008116316,-0.729391057,0.100796849,-2319.065969,-0.927794295,-1.254289694,-1.812459507,-4.960164432,0.342101369,-0.547622369,0.36613477,0.562851068,-10.21614964,-2.954707099,-7.554296765,-0.296356067,-0.812297346,-0.350560817,-21.5,-10.92711616
-0.835790878,-0.46273995,-1.613403823,-365.9886358,-0.950444496,-1.109451257,-1.687226986,-5.909365585,-0.770786439,0.356376897,-0.553561476,-0.738821944,-2.524059557,-2.954707099,-7.554296765,-0.503097994,-1.217084594,-0.389374013,-15.5,-6.53125049
-0.353209808,0.008892053,1.89E-07,-1071.406327,-0.089220371,-0.180798687,-0.173245813,-0.175805927,-0.009013631,-1.00899214,-0.104597555,0.02399733,-12.1750719,-0.797988956,-2.164588529,0.344671202,0,-0.655482175,-7,-4.909600376
-0.424589271,-0.286083987,0.010824054,-2083.939577,-0.174124244,-0.304277421,-0.308753811,-0.06438557,-0.048787744,-1.085763068,0.253358751,-0.098329702,-11.08478498,-1.516308062,-3.765064611,-0.242115906,-0.82964396,-0.066863252,-16.25,-9.621528466
-0.97395859,-0.670333932,-1.274823079,-1542.69715,-0.682147042,-0.681021654,-1.242849403,-6.776980977,-0.030485615,-0.137345609,-0.097581524,0.432597574,-6.170788601,-3.353701578,-8.636591029,-0.461485744,-1.029550763,-0.450211215,-23.5,-12.97274651
-1.011042044,-0.756884158,0.042179878,-2311.194135,-0.94264773,-1.288193362,-1.844383909,-4.935981688,0.327984075,-0.619600628,0.283044357,0.554222495,-10.45789201,-2.954707099,-7.554296765,-0.327936341,-0.852364507,-0.411413478,-18.5,-8.879348211
-0.719373799,-0.419256328,-0.014097803,-3550.365187,0.16168849,0.447379756,0.415498057,-2.061812387,0.145123423,-0.970593642,0.219299743,0.262152717,-11.3793756,-2.393966868,-6.493765586,-0.123627543,-0.816189838,-0.363468897,-22.75,-15.43643681
-0.975813556,-0.657604872,-1.256055087,-1594.593546,-0.68786508,-0.702213241,-1.261342566,-6.762820442,-0.055484297,-0.2155,-0.214206231,0.391071429,-6.378374184,-3.353701578,-8.636591029,-0.497198594,-1.076256479,-0.530228522,-21,-11.30283083
-0.970234846,-0.727527801,0.102499576,-2557.503029,-0.912203388,-1.249839761,-1.802323008,-4.947376357,0.235488351,-0.670673338,0.276564345,0.485123967,-10.43878787,-2.954707099,-7.554296765,-0.291446723,-0.799022806,-0.383199174,-21.5,-11.07862424
-0.424535649,-0.287115398,0.011823001,-2631.418045,-0.159127848,-0.290508176,-0.29023999,-0.039838216,-0.035189721,-1.153874023,0.213069637,-0.108651117,-11.44094802,-1.516308062,-3.765064611,-0.245959045,-0.838130768,-0.065437121,-19.25,-12.0002251
-0.772351839,-0.497185591,-0.923506586,-1669.011482,-0.637868258,-0.631999287,-1.186189948,-6.782447116,-0.108940011,-0.315692327,-0.104699148,0.435954556,-6.444059778,-2.954707099,-7.554296765,-0.297249228,-0.786979716,-0.32934075,-25.25,-14.16683014
-0.975756943,-0.667921483,-1.273966529,-1571.52737,-0.685628632,-0.693918306,-1.254106187,-6.768219739,-0.175649269,-0.183083983,-0.162579234,0.320578675,-6.286109481,-3.353701578,-8.636591029,-0.476159496,-1.047871861,-0.466914798,-22,-11.97131425
-1.009886847,-0.727853657,0.074548776,-2590.317936,-0.912203388,-1.249839761,-1.802323008,-4.947376357,0.265010822,-0.653109949,0.315049364,0.480004381,-10.57272627,-2.954707099,-7.554296765,-0.311350273,-0.832256224,-0.373403256,-21.5,-11.07862424
-0.720336394,-0.418402454,-0.015988384,-3492.521044,0.158779523,0.442661329,0.41048442,-2.044797635,0.106419623,-0.972473393,0.212347162,0.250947739,-11.41346747,-2.393966868,-6.493765586,-0.127802891,-0.82096308,-0.36674221,-21.75,-14.72033035
-0.717642261,-0.432276648,-0.021585848,-3141.989043,0.159288114,0.454006912,0.419444761,-2.150328896,0.137541308,-0.875352232,0.264679111,0.261651079,-10.90968418,-2.393966868,-6.493765586,-0.075898692,-0.772681453,-0.31857842,-23.75,-15.92333156
-1.169566043,-0.860769902,-0.128521469,-2404.327346,-0.958965528,-1.291648469,-1.854369898,-4.952450517,0.343094376,-0.451410508,0.354032745,0.494539166,-10.18782774,-3.353701578,-8.636591029,-0.433500041,-1.013012788,-0.453766227,-21.25,-10.88494982
-0.969009964,-0.701413355,0.157754336,-2530.040513,-0.909085235,-1.239701751,-1.793352361,-4.95625581,0.18540047,-0.638575051,0.303000348,0.445046467,-10.32669597,-2.954707099,-7.554296765,-0.272605131,-0.774553521,-0.341722448,-22.5,-11.74558425
-1.526970518,-0.933099826,-0.605108649,-2648.395975,-1.122752664,-1.53112025,-2.111144128,-4.628429628,0.315847614,-0.40673944,0.321856117,0.827527563,-10.26510068,-4.151690534,-10.80117956,-0.764493719,-1.529950869,-1.412566815,-22.25,-10.31096961
-0.354980339,0.010427549,-0.026246822,-1266.412186,-0.088108862,-0.183321939,-0.175012755,-0.094529575,-0.133010204,-1.118010204,-0.103260465,-0.032490724,-12.66412186,-0.797988956,-2.164588529,0.313178767,0,-0.678252495,-6.5,-4.754165878
-0.975659461,-0.671727431,-1.272864836,-1414.41517,-0.698774945,-0.70732403,-1.270000153,-6.767444975,-0.169499933,-0.125346721,-0.192891502,0.320451422,-5.942920883,-3.353701578,-8.636591029,-0.475621461,-1.046426487,-0.468664851,-21,-11.20615116
-0.976145874,-0.695375174,-1.33229697,-1649.865413,-0.679493959,-0.687665054,-1.246691289,-6.768582889,-0.03336263,-0.21004736,-0.149313686,0.418174583,-6.444786769,-3.353701578,-8.636591029,-0.485908989,-1.061473281,-0.500747906,-22.5,-12.35354276
-0.974921035,-0.669411153,-1.275199466,-1707.097167,-0.671251896,-0.673358953,-1.232276701,-6.774459057,-0.048150657,-0.207007957,-0.097493234,0.407200953,-6.515638041,-3.353701578,-8.636591029,-0.464435409,-1.034042843,-0.453318759,-24,-13.4041394
-1.154133607,-0.804798254,-0.670352962,-1429.441811,-1.447544572,-1.979896906,-2.576193934,-3.878418859,0.058302309,-0.365509542,0.204199055,-0.325339247,-9.658390616,-3.433371427,-9.200703475,-0.629684929,-1.313419778,-0.438725308,-15.5,-4.438228399
-0.9740851,-0.670740184,-1.273953256,-1842.606387,-0.657706533,-0.654016559,-1.211727847,-6.780549729,0.047846197,-0.231267113,-0.050513581,0.467089863,-6.72484083,-3.353701578,-8.636591029,-0.45644677,-1.024773684,-0.442064421,-26,-14.83694543
-0.7175153,-0.431661559,-0.017764489,-3844.547513,0.175225268,0.469280303,0.438795294,-2.14169309,0.140941951,-0.966150734,0.229274722,0.224217051,-11.241367,-2.393966868,-6.493765586,-0.07901922,-0.780008159,-0.317774091,-27.75,-19.01691375
-1.007989642,-0.728833641,0.102538202,-2485.265748,-0.915514754,-1.246049817,-1.800920894,-4.955926056,0.308099246,-0.603353039,0.344209421,0.518009303,-10.39860146,-2.954707099,-7.554296765,-0.302434885,-0.820748653,-0.359612788,-22,-11.36219893
-0.9740851,-0.670740184,-1.273953256,-1688.708554,-0.668808446,-0.664798665,-1.224744383,-6.780330124,0.035741141,-0.179456998,-0.063573654,0.471453929,-6.445452495,-3.353701578,-8.636591029,-0.456611772,-1.024302878,-0.442765619,-25,-14.07205575
-0.353083134,0.009449496,0.001693507,-1388.14171,-0.083278671,-0.177484,-0.167877778,-0.147118308,-0.02902439,-1.115,-0.076163522,-0.002121212,-12.39412241,-0.797988956,-2.164588529,0.331851841,0,-0.663062299,-8.5,-6.191427274
-0.97395844,-0.670265369,-1.273856628,-1929.228196,-0.653769074,-0.653109078,-1.209312211,-6.777848419,0.02294274,-0.268006595,-0.058284761,0.432524383,-6.890100699,-3.353701578,-8.636591029,-0.459926902,-1.029464771,-0.445511439,-26,-14.88458001
-1.169819242,-0.861813871,-0.130530831,-2454.49576,-0.948864065,-1.274272236,-1.836918166,-4.962165512,0.407992329,-0.440792187,0.376463659,0.549854187,-10.14254446,-3.353701578,-8.636591029,-0.421660368,-0.998715817,-0.438696209,-22.75,-11.9347249
-1.611274407,-1.062375902,-0.22527121,-2524.333455,-1.606576373,-2.168143662,-2.805695775,-3.406139823,0.344820751,-0.364106121,0.707225044,0.629384798,-9.419154684,-5.02934934,-13.52988053,-0.735550378,-2.036513492,-0.602048392,-27.25,-8.033978555
-1.525745666,-0.907057365,-0.548133785,-2459.155642,-1.140832255,-1.54149344,-2.127019978,-4.643120075,0.269148918,-0.32768931,0.361906592,0.818578909,-9.99656765,-4.151690534,-10.80117956,-0.755326762,-1.521143122,-1.406385997,-22.25,-10.21633228
-0.974948602,-0.654747088,-1.255694225,-1661.205181,-0.680639588,-0.69179258,-1.250306947,-6.765891829,-0.036175847,-0.225499173,-0.172756013,0.413970936,-6.489082738,-3.353701578,-8.636591029,-0.495220357,-1.074089634,-0.527593481,-22,-12.0191898
-0.775051137,-0.493965606,-0.909423289,-1781.235306,-0.638592892,-0.644891313,-1.196246949,-6.771005559,-0.167428493,-0.393331834,-0.161010076,0.329874695,-6.721642665,-2.954707099,-7.554296765,-0.31775933,-0.812913331,-0.362870314,-23.75,-13.21417361
-0.814441734,-0.56017909,-1.029115051,-1590.398412,-0.655788465,-0.665381763,-1.219252078,-6.767225313,-0.11340035,-0.322229808,-0.178181591,0.435723414,-6.438859969,-2.954707099,-7.554296765,-0.360469646,-0.875358323,-0.411812791,-21.75,-11.73303111
-0.719567152,-0.430431061,-0.022168621,-3479.701344,0.165516694,0.457424,0.425044628,-2.121848956,0.099082807,-0.93329413,0.242409684,0.234334075,-11.15288892,-2.393966868,-6.493765586,-0.084085875,-0.783301862,-0.325085477,-24.75,-16.77910346
-1.008952251,-0.728062384,0.098917516,-2652.705404,-0.904529938,-1.238677946,-1.790598647,-4.952167261,0.264867307,-0.653757436,0.32426862,0.488998749,-10.56854743,-2.954707099,-7.554296765,-0.302089296,-0.820930831,-0.356141845,-22.5,-11.79510785
-0.717642111,-0.432207728,-0.019986648,-3294.716064,0.163553226,0.458479484,0.424919469,-2.15179816,0.14904768,-0.896419733,0.256450256,0.25628965,-10.98238688,-2.393966868,-6.493765586,-0.075605482,-0.773224794,-0.3177304,-24.75,-16.68688813
-0.416815787,-0.279519306,0.011493732,-2838.193379,-0.152172184,-0.280853975,-0.279144889,-0.062757401,-0.038327343,-1.160295888,0.16442963,-0.114642544,-11.44432814,-1.516308062,-3.765064611,-0.192749925,-0.654433705,-0.030778818,-21.25,-13.48745101
-0.717768635,-0.43269429,-0.020296525,-3659.714968,0.173881539,0.470798215,0.439322869,-2.170190131,0.173650104,-0.934304261,0.238998571,0.256193701,-11.09004536,-2.393966868,-6.493765586,-0.068706484,-0.766748819,-0.304208521,-27.75,-18.92767494
-0.835790878,-0.46273995,-1.613403811,-834.2910864,-0.873086955,-1.035021175,-1.597104643,-5.910385789,-0.494724814,0.026740331,-0.337689243,-0.383148148,-4.609343019,-2.954707099,-7.554296765,-0.50242284,-1.218729762,-0.384711758,-18.5,-8.862732836
-1.172715936,-0.885037631,-0.187519422,-2388.410101,-0.971546912,-1.318865826,-1.880278573,-4.93410247,0.3026768,-0.50361892,0.273905348,0.477634075,-10.38439174,-3.353701578,-8.636591029,-0.460083997,-1.046712289,-0.504718898,-18.75,-9.167779897
-0.975813556,-0.657604872,-1.256055087,-1751.923737,-0.675934194,-0.68978724,-1.246723284,-6.763724746,-0.027451009,-0.266064076,-0.18274152,0.402219518,-6.686731821,-3.353701578,-8.636591029,-0.496981652,-1.07679982,-0.529380503,-22,-12.0663001
-0.835790878,-0.46273995,-1.613403811,-678.985414,-0.895328117,-1.056401932,-1.623000278,-5.910091024,-0.565613743,0.12202676,-0.39337763,-0.470655934,-4.017665172,-2.954707099,-7.554296765,-0.502587842,-1.218258956,-0.385883315,-17.5,-8.08732491
-0.717515294,-0.431599024,-0.01488376,-3463.26178,0.166502222,0.460005473,0.4275,-2.137392787,0.137116781,-0.924474519,0.245959915,0.234420316,-11.10019801,-2.393966868,-6.493765586,-0.080781927,-0.780522359,-0.320557542,-25.25,-17.11442107
-0.717515308,-0.431630401,-0.011611836,-3310.439996,0.162541809,0.4557917,0.422369813,-2.135444835,0.130250869,-0.905435026,0.253206982,0.238292013,-11.03479999,-2.393966868,-6.493765586,-0.08099887,-0.779979018,-0.321661777,-24.25,-16.35206758
-0.835790878,-0.46273995,-1.613403811,-601.0649543,-0.907636087,-1.068240292,-1.637336006,-5.909928409,-0.607660652,0.174586163,-0.426357394,-0.523952601,-3.687515057,-2.954707099,-7.554296765,-0.502688571,-1.217997241,-0.386584612,-17,-7.698990693
-0.721332888,-0.432334798,-0.006471119,-3513.997816,0.16358021,0.452346474,0.42021729,-2.091411693,0.152572952,-0.9515236,0.232671803,0.221077371,-11.26281351,-2.393966868,-6.493765586,-0.094241915,-0.791199113,-0.32753494,-23.75,-16.1080438
-0.818303272,-0.497754979,-1.030703856,-2068.423231,-0.815545042,-1.07548292,-1.60670722,-5.513045091,-0.107785236,-0.421551424,-0.0775217,0.258519112,-7.25762537,-2.87503725,-6.990184319,-0.379621922,-1.064193841,-0.197786011,-26,-14.67004084
-0.259101176,-0.033386769,0.011457601,-439.2596987,0.092382115,0.301747809,0.254895895,0.655501864,-0.079107601,-0.041931919,-0.241725957,0.426442504,-1.757038795,-0.797988956,-2.164588529,0.596557801,0.104401637,0.047699618,-21.25,-11.16131789
-0.718477882,-0.430729462,-0.018410314,-3479.701344,0.165516694,0.457424,0.425044628,-2.121848956,0.108886728,-0.93329413,0.242409684,0.225434631,-11.15288892,-2.393966868,-6.493765586,-0.085420129,-0.784959422,-0.323427917,-24.75,-16.77910346
-1.032312249,-0.675753606,-0.385091354,-1754.155955,-1.151399032,-1.642289225,-2.206423925,-4.092955092,0.177823618,-0.416676683,0.314057398,-0.167843996,-10.1396298,-2.954707099,-7.554296765,-0.467377337,-1.193511743,-0.381864247,-17.25,-7.48707344
-0.818230371,-0.496250826,-1.032204613,-1455.693142,-0.853633162,-1.114400326,-1.65387744,-5.510809311,-0.215388266,-0.233200878,-0.141832649,0.251618589,-6.142165157,-2.87503725,-6.990184319,-0.381978652,-1.062407813,-0.209164718,-22,-11.60774126
-0.424589271,-0.286083987,0.010824065,-2536.721282,-0.159585796,-0.288760012,-0.289141683,-0.06330844,-0.030875408,-1.13532894,0.218479573,-0.071937145,-11.32464858,-1.516308062,-3.765064611,-0.241330982,-0.831289127,-0.062200997,-19.25,-11.94543143
-1.169692731,-0.861407619,-0.131400654,-2390.743664,-0.957711847,-1.28668304,-1.85009817,-4.957143215,0.373462736,-0.434487864,0.368844061,0.52760958,-10.13026976,-3.353701578,-8.636591029,-0.42643361,-1.004225417,-0.446044447,-21.75,-11.21814703
